ns3::TcpIllinois,5,1,7016,6964,3.27501,0.0309189,0.741163
ns3::TcpIllinois,5,2,7921,7765,3.64883,0.121075,1.96945
ns3::TcpIllinois,5,3,7140,7123,3.34933,0.0293323,0.238095
ns3::TcpIllinois,5,4,7935,7720,3.62949,0.0462992,2.70951
ns3::TcpIllinois,5,5,7391,7157,3.36372,0.0679395,3.16601
ns3::TcpIllinois,5,6,4697,4648,2.18453,0.0290027,1.04322
ns3::TcpIllinois,5,7,7707,7417,3.48737,0.144068,3.76281
ns3::TcpIllinois,5,8,9002,8879,4.17037,0.0597332,1.36636
ns3::TcpIllinois,5,9,3,0,0,-nan,100
ns3::TcpIllinois,5,10,8766,8606,4.04448,0.063997,1.82523
ns3::TcpIllinois,5,11,7316,7205,3.38676,0.0506219,1.51722
ns3::TcpIllinois,5,12,7211,6949,3.267,0.111462,3.63334
ns3::TcpIllinois,5,13,7993,7869,3.7002,0.0405119,1.55136
ns3::TcpIllinois,5,14,8392,8218,3.86279,0.0848823,2.0734
ns3::TcpIllinois,5,15,9466,9256,4.35012,0.0624604,2.21847
ns3::TcpIllinois,5,16,5426,5426,0.263094,0.00728474,0
ns3::TcpIllinois,5,17,4259,4259,0.184346,0.00756731,0
ns3::TcpIllinois,5,18,6890,6890,0.349014,0.00961253,0
ns3::TcpIllinois,5,19,5635,5635,0.295219,0.00762833,0
ns3::TcpIllinois,5,20,6594,6594,0.33855,0.00711229,0
ns3::TcpIllinois,5,21,5748,5748,0.286736,0.00791486,0
ns3::TcpIllinois,5,22,4491,4491,0.21575,0.00825016,0
ns3::TcpIllinois,5,23,5417,5417,0.256742,0.0083307,0
ns3::TcpIllinois,5,24,7140,7140,0.35919,0.00800296,0
ns3::TcpIllinois,5,25,3897,3897,0.16784,0.00649539,0
ns3::TcpIllinois,5,26,3979,3957,0.170035,0.00613769,0.552903
ns3::TcpIllinois,5,27,3015,2998,0.135818,0.0054322,0.563847
ns3::TcpIllinois,5,28,5355,5355,0.268032,0.00635229,0
ns3::TcpIllinois,5,29,5625,5608,0.270045,0.00565539,0.302222
ns3::TcpIllinois,10,1,10963,10814,5.08097,0.0535409,1.35912
ns3::TcpIllinois,10,2,10672,10524,4.94094,0.0601276,1.38681
ns3::TcpIllinois,10,3,10044,9811,4.6127,0.0744138,2.31979
ns3::TcpIllinois,10,4,9873,9839,4.62741,0.0301993,0.344374
ns3::TcpIllinois,10,5,11817,11693,5.49941,0.0342308,1.04934
ns3::TcpIllinois,10,6,9014,8769,4.12136,0.088129,2.71799
ns3::TcpIllinois,10,7,9743,9666,4.54603,0.0452514,0.790311
ns3::TcpIllinois,10,8,7920,7776,3.65614,0.0370963,1.81818
ns3::TcpIllinois,10,9,11186,11011,5.17753,0.0762156,1.56446
ns3::TcpIllinois,10,10,11494,11309,5.31617,0.0841447,1.60954
ns3::TcpIllinois,10,11,3,0,0,-nan,100
ns3::TcpIllinois,10,12,12827,12625,5.93757,0.0494522,1.5748
ns3::TcpIllinois,10,13,9643,9588,4.50934,0.0284812,0.570362
ns3::TcpIllinois,10,14,3,0,0,-nan,100
ns3::TcpIllinois,10,15,10805,10632,4.99944,0.0444154,1.60111
ns3::TcpIllinois,10,16,8044,8027,0.387814,0.00721724,0.211338
ns3::TcpIllinois,10,17,7640,7599,0.364461,0.00749625,0.536649
ns3::TcpIllinois,10,18,6546,6546,0.294243,0.00700934,0
ns3::TcpIllinois,10,19,5911,5911,0.27088,0.00755274,0
ns3::TcpIllinois,10,20,7158,7125,0.320339,0.00852631,0.461023
ns3::TcpIllinois,10,21,7447,7447,0.3496,0.00713547,0
ns3::TcpIllinois,10,22,9513,9513,0.461658,0.00870744,0
ns3::TcpIllinois,10,23,7972,7972,0.377238,0.00827225,0
ns3::TcpIllinois,10,24,5275,5257,0.223245,0.00633338,0.341232
ns3::TcpIllinois,10,25,5294,5294,0.226147,0.00551511,0
ns3::TcpIllinois,10,26,5147,5147,0.218637,0.00717666,0
ns3::TcpIllinois,10,27,7249,7249,0.320262,0.00653267,0
ns3::TcpIllinois,10,28,5335,5335,0.245741,0.00649781,0
ns3::TcpIllinois,20,1,13690,13630,6.40745,0.0586251,0.438276
ns3::TcpIllinois,20,2,985,956,0.448848,0.025093,2.94416
ns3::TcpIllinois,20,3,8500,8474,3.98532,0.0346102,0.305882
ns3::TcpIllinois,20,4,3,0,0,-nan,100
ns3::TcpIllinois,20,5,11799,11606,5.45537,0.119445,1.63573
ns3::TcpIllinois,20,6,8799,8606,4.04534,0.04706,2.19343
ns3::TcpIllinois,20,7,3,0,0,-nan,100
ns3::TcpIllinois,20,8,9112,8951,4.20148,0.0740767,1.7669
ns3::TcpIllinois,20,9,8845,8829,4.15231,0.0287458,0.180893
ns3::TcpIllinois,20,10,9966,9845,4.62852,0.0374014,1.21413
ns3::TcpIllinois,20,11,10905,10725,5.03288,0.0433477,1.65062
ns3::TcpIllinois,20,12,15165,14966,7.02772,0.0508228,1.31223
ns3::TcpIllinois,20,13,3,0,0,-nan,100
ns3::TcpIllinois,20,14,7195,7076,3.32688,0.0575907,1.65393
ns3::TcpIllinois,20,15,14673,14520,6.82212,0.0820672,1.04273
ns3::TcpIllinois,20,16,9594,9558,0.439216,0.0107916,0.375235
ns3::TcpIllinois,20,17,6853,6839,0.296346,0.00817369,0.20429
ns3::TcpIllinois,20,18,6336,6336,0.303869,0.00854275,0
ns3::TcpIllinois,20,19,8076,8076,0.392669,0.00652672,0
ns3::TcpIllinois,20,20,11006,11006,0.532291,0.00682484,0
ns3::TcpIllinois,20,21,9479,9479,0.434099,0.00761034,0
ns3::TcpIllinois,20,22,4624,4603,0.19639,0.00678203,0.454152
ns3::TcpIllinois,20,23,4769,4759,0.202554,0.00658171,0.209688
ns3::TcpIllinois,20,24,3785,3785,0.161376,0.00663307,0
ns3::TcpIllinois,20,25,6629,6629,0.339402,0.00579705,0
ns3::TcpIllinois,20,26,6703,6703,0.314381,0.00737607,0
ns3::TcpIllinois,20,27,591,589,0.0259584,0.00686006,0.338409
ns3::TcpIllinois,50,1,9301,9233,4.34235,0.0257788,0.731104
ns3::TcpIllinois,50,2,8575,8498,3.9966,0.0289376,0.897959
ns3::TcpIllinois,50,3,4781,4632,2.17736,0.0351523,3.1165
ns3::TcpIllinois,50,4,9436,9323,4.3786,0.0854553,1.19754
ns3::TcpIllinois,50,5,12703,12532,5.88736,0.053928,1.34614
ns3::TcpIllinois,50,6,10831,10609,4.98698,0.0910511,2.04967
ns3::TcpIllinois,50,7,9009,8969,4.21816,0.0548697,0.444
ns3::TcpIllinois,50,8,3,0,0,-nan,100
ns3::TcpIllinois,50,9,8928,8742,4.11019,0.0613465,2.08333
ns3::TcpIllinois,50,10,11401,11107,5.2186,0.0699628,2.57872
ns3::TcpIllinois,50,11,8185,8102,3.81033,0.0386784,1.01405
ns3::TcpIllinois,50,12,10832,10562,4.96238,0.064791,2.49261
ns3::TcpIllinois,50,13,3,0,0,-nan,100
ns3::TcpIllinois,50,14,3889,3804,1.78787,0.0335774,2.18565
ns3::TcpIllinois,50,15,8031,7717,3.62742,0.105364,3.90985
ns3::TcpIllinois,50,16,6242,6204,0.290326,0.00827273,0.608779
ns3::TcpIllinois,50,17,9264,9264,0.449328,0.00843089,0
ns3::TcpIllinois,50,18,7176,7176,0.32824,0.00634756,0
ns3::TcpIllinois,50,19,6469,6469,0.311968,0.00699359,0
ns3::TcpIllinois,50,20,8057,8057,0.385562,0.0076299,0
ns3::TcpIllinois,50,21,7463,7431,0.354688,0.00740003,0.428782
ns3::TcpIllinois,50,22,4772,4772,0.212778,0.00739426,0
ns3::TcpIllinois,50,23,4929,4929,0.20919,0.00581135,0
ns3::TcpIllinois,50,24,4612,4612,0.19752,0.00644063,0
ns3::TcpIllinois,50,25,4725,4708,0.198896,0.00518268,0.359788
ns3::TcpIllinois,50,26,4334,4334,0.183875,0.00821813,0
ns3::TcpIllinois,50,27,3560,3533,0.17577,0.00688188,0.758427
ns3::TcpIllinois,50,28,3217,3217,0.160134,0.00613641,0
ns3::TcpIllinois,100,1,8934,8821,4.14195,0.0437115,1.26483
ns3::TcpIllinois,100,2,7130,6785,3.18589,0.158471,4.83871
ns3::TcpIllinois,100,3,3,0,0,-nan,100
ns3::TcpIllinois,100,4,10682,10613,4.9915,0.0311268,0.645946
ns3::TcpIllinois,100,5,12795,12560,5.90668,0.0494933,1.83665
ns3::TcpIllinois,100,6,10348,10022,4.71051,0.101611,3.15037
ns3::TcpIllinois,100,7,14436,14373,6.72285,0.0401319,0.436409
ns3::TcpIllinois,100,8,12184,12018,5.64935,0.0447463,1.36244
ns3::TcpIllinois,100,9,11172,11118,5.22905,0.0293676,0.483351
ns3::TcpIllinois,100,10,3,0,0,-nan,100
ns3::TcpIllinois,100,11,11555,11444,5.35832,0.0458363,0.960623
ns3::TcpIllinois,100,12,10840,10779,5.06959,0.0306208,0.562731
ns3::TcpIllinois,100,13,11025,10874,5.11248,0.0474448,1.36961
ns3::TcpIllinois,100,14,12374,12159,5.71368,0.0557197,1.73751
ns3::TcpIllinois,100,15,3,0,0,-nan,100
ns3::TcpIllinois,100,16,6832,6818,0.330813,0.00729479,0.204918
ns3::TcpIllinois,100,17,3641,3641,0.154426,0.0108955,0
ns3::TcpIllinois,100,18,9248,9233,0.438061,0.00700073,0.162197
ns3::TcpIllinois,100,19,9038,9038,0.433066,0.00985317,0
ns3::TcpIllinois,100,20,8607,8607,0.406784,0.00922544,0
ns3::TcpIllinois,100,21,8032,8032,0.381123,0.00938229,0
ns3::TcpIllinois,100,22,5899,5899,0.257459,0.0067743,0
ns3::TcpIllinois,100,23,5664,5664,0.24024,0.00585182,0
ns3::TcpIllinois,100,24,5885,5885,0.248998,0.00581949,0
ns3::TcpIllinois,100,25,5754,5754,0.244016,0.00620429,0
ns3::TcpIllinois,100,26,9655,9655,0.441203,0.00648188,0
ns3::TcpIllinois,100,27,7726,7726,0.359786,0.0067384,0
ns3::TcpIllinois,200,1,8527,8429,3.96415,0.05077,1.14929
ns3::TcpIllinois,200,2,16500,16202,7.49639,0.0492763,1.80606
ns3::TcpIllinois,200,3,17752,17515,8.17482,0.0452438,1.33506
ns3::TcpIllinois,200,4,6817,6643,3.12264,0.0310153,2.55244
ns3::TcpIllinois,200,5,10679,10600,4.98539,0.0441575,0.73977
ns3::TcpIllinois,200,6,10086,9916,4.6625,0.0337147,1.6855
ns3::TcpIllinois,200,7,11610,11545,5.42991,0.0381135,0.559862
ns3::TcpIllinois,200,8,3,0,0,-nan,100
ns3::TcpIllinois,200,9,12714,12639,5.94453,0.0300919,0.589901
ns3::TcpIllinois,200,10,3,0,0,-nan,100
ns3::TcpIllinois,200,11,14933,14776,6.7831,0.0615212,1.05136
ns3::TcpIllinois,200,12,3,0,0,-nan,100
ns3::TcpIllinois,200,13,11672,11599,5.45532,0.0265906,0.625428
ns3::TcpIllinois,200,14,14750,14612,6.87104,0.0423765,0.935593
ns3::TcpIllinois,200,15,17920,17687,8.27645,0.0440472,1.30022
ns3::TcpIllinois,200,16,9620,9620,0.422461,0.00796357,0
ns3::TcpIllinois,200,17,11212,11186,0.496912,0.0063287,0.231894
ns3::TcpIllinois,200,18,8238,8215,0.354349,0.00643704,0.279194
ns3::TcpIllinois,200,19,11655,11630,0.519907,0.00651009,0.2145
ns3::TcpIllinois,200,20,5572,5572,0.23521,0.00651083,0
ns3::TcpIllinois,200,21,6122,6102,0.25832,0.00581094,0.326691
ns3::TcpIllinois,200,22,6717,6717,0.284627,0.00555633,0
ns3::TcpIllinois,200,23,6062,6062,0.255485,0.00617676,0
ns3::TcpIllinois,200,24,4495,4495,0.192685,0.00676295,0
ns3::TcpIllinois,200,25,4747,4747,0.225203,0.006662,0
ns3::TcpIllinois,200,26,8747,8747,0.391136,0.00593941,0
ns3::TcpIllinois,200,27,6929,6929,0.32217,0.00696403,0
ns3::TcpIllinois,500,1,3,0,0,-nan,100
ns3::TcpIllinois,500,2,7064,7047,3.31405,0.0301499,0.240657
ns3::TcpIllinois,500,3,9171,8964,4.20033,0.141233,2.25711
ns3::TcpIllinois,500,4,6735,6614,3.11009,0.0427969,1.79659
ns3::TcpIllinois,500,5,6861,6795,3.19551,0.0303773,0.961959
ns3::TcpIllinois,500,6,10891,10740,5.04606,0.0498859,1.38647
ns3::TcpIllinois,500,7,10471,10357,4.86939,0.102425,1.08872
ns3::TcpIllinois,500,8,3,0,0,-nan,100
ns3::TcpIllinois,500,9,7385,7327,3.44577,0.0290913,0.785376
ns3::TcpIllinois,500,10,9311,9140,4.29362,0.0671035,1.83654
ns3::TcpIllinois,500,11,10564,10428,4.90034,0.0997284,1.28739
ns3::TcpIllinois,500,12,10781,10603,4.9833,0.0547436,1.65105
ns3::TcpIllinois,500,13,10653,10486,4.92992,0.0508892,1.56763
ns3::TcpIllinois,500,14,4108,4011,1.88479,0.0315713,2.36125
ns3::TcpIllinois,500,15,12771,12555,5.90392,0.0549831,1.69133
ns3::TcpIllinois,500,16,5434,5434,0.237482,0.00727038,0
ns3::TcpIllinois,500,17,8516,8516,0.429162,0.00922763,0
ns3::TcpIllinois,500,18,6626,6608,0.318646,0.00764236,0.271657
ns3::TcpIllinois,500,19,7927,7927,0.383296,0.00742895,0
ns3::TcpIllinois,500,20,6573,6573,0.292205,0.00894804,0
ns3::TcpIllinois,500,21,7865,7834,0.377814,0.00733873,0.394151
ns3::TcpIllinois,500,22,7085,7072,0.330422,0.00762905,0.183486
ns3::TcpIllinois,500,23,9565,9565,0.465542,0.00757948,0
ns3::TcpIllinois,500,24,3836,3817,0.162822,0.00575243,0.495308
ns3::TcpIllinois,500,25,3754,3754,0.160643,0.00609316,0
ns3::TcpIllinois,500,26,3993,3993,0.170266,0.00606908,0
ns3::TcpIllinois,500,27,4611,4598,0.211818,0.00533102,0.281935
ns3::TcpIllinois,500,28,3146,3112,0.150525,0.00718782,1.08074
ns3::TcpWestwoodPlus,5,1,8997,8933,4.19595,0.0287364,0.711348
ns3::TcpWestwoodPlus,5,2,7752,7691,3.60875,0.0293035,0.786894
ns3::TcpWestwoodPlus,5,3,7746,7712,3.60923,0.0548792,0.438936
ns3::TcpWestwoodPlus,5,4,9788,9785,4.60136,0.0312851,0.0306498
ns3::TcpWestwoodPlus,5,5,6505,6429,3.02335,0.0533047,1.16833
ns3::TcpWestwoodPlus,5,6,8752,8729,4.10527,0.0312821,0.262797
ns3::TcpWestwoodPlus,5,7,9100,9036,4.24325,0.0286731,0.703297
ns3::TcpWestwoodPlus,5,8,9153,9132,4.29342,0.0288477,0.229433
ns3::TcpWestwoodPlus,5,9,9589,9544,4.48864,0.031568,0.469288
ns3::TcpWestwoodPlus,5,10,8546,8388,3.91895,0.0718198,1.84882
ns3::TcpWestwoodPlus,5,11,3,0,0,-nan,100
ns3::TcpWestwoodPlus,5,12,7965,7893,3.71201,0.0301792,0.903955
ns3::TcpWestwoodPlus,5,13,9720,9678,4.55168,0.0316873,0.432099
ns3::TcpWestwoodPlus,5,14,3,0,0,-nan,100
ns3::TcpWestwoodPlus,5,15,8750,8723,3.97513,0.148867,0.308571
ns3::TcpWestwoodPlus,5,16,4650,4650,0.196413,0.00642981,0
ns3::TcpWestwoodPlus,5,17,4012,4000,0.168381,0.00812118,0.299103
ns3::TcpWestwoodPlus,5,18,5040,5040,0.21185,0.00705439,0
ns3::TcpWestwoodPlus,5,19,4511,4494,0.188944,0.00701795,0.376857
ns3::TcpWestwoodPlus,5,20,4747,4735,0.199795,0.00692778,0.252791
ns3::TcpWestwoodPlus,5,21,4913,4898,0.205552,0.00804589,0.305312
ns3::TcpWestwoodPlus,5,22,4320,4303,0.180614,0.00680747,0.393519
ns3::TcpWestwoodPlus,5,23,4955,4941,0.207021,0.007082,0.282543
ns3::TcpWestwoodPlus,5,24,4676,4676,0.196784,0.00742049,0
ns3::TcpWestwoodPlus,5,25,4082,4082,0.171677,0.00890227,0
ns3::TcpWestwoodPlus,5,26,3333,3333,0.140416,0.00924442,0
ns3::TcpWestwoodPlus,5,27,4495,4489,0.188374,0.00657045,0.133482
ns3::TcpWestwoodPlus,5,28,4002,4002,0.168461,0.00635532,0
ns3::TcpWestwoodPlus,10,1,9656,9618,4.51691,0.0381846,0.393538
ns3::TcpWestwoodPlus,10,2,8720,8631,4.05917,0.0451973,1.02064
ns3::TcpWestwoodPlus,10,3,8309,8208,3.85671,0.0428501,1.21555
ns3::TcpWestwoodPlus,10,4,7689,7621,3.58406,0.0312583,0.88438
ns3::TcpWestwoodPlus,10,5,8894,8817,4.13835,0.0268796,0.865752
ns3::TcpWestwoodPlus,10,6,7821,7758,3.6454,0.0369707,0.805524
ns3::TcpWestwoodPlus,10,7,8786,8721,4.09622,0.0275043,0.739813
ns3::TcpWestwoodPlus,10,8,7672,7603,3.5756,0.0301041,0.899374
ns3::TcpWestwoodPlus,10,9,8385,8361,3.93216,0.0425285,0.286225
ns3::TcpWestwoodPlus,10,10,7694,7626,3.58624,0.0259505,0.883806
ns3::TcpWestwoodPlus,10,11,8129,8067,3.79356,0.0308589,0.762701
ns3::TcpWestwoodPlus,10,12,7264,7211,3.34426,0.131601,0.729626
ns3::TcpWestwoodPlus,10,13,8033,8018,3.77081,0.0442073,0.18673
ns3::TcpWestwoodPlus,10,14,8545,8485,3.98863,0.0314447,0.702165
ns3::TcpWestwoodPlus,10,15,8013,7947,3.73741,0.030031,0.823662
ns3::TcpWestwoodPlus,10,16,4980,4977,0.209363,0.00747655,0.060241
ns3::TcpWestwoodPlus,10,17,4230,4230,0.177571,0.011259,0
ns3::TcpWestwoodPlus,10,18,4572,4572,0.192406,0.00722637,0
ns3::TcpWestwoodPlus,10,19,4526,4523,0.190394,0.00712846,0.0662837
ns3::TcpWestwoodPlus,10,20,3988,3988,0.16824,0.00779085,0
ns3::TcpWestwoodPlus,10,21,4193,4193,0.176589,0.00753235,0
ns3::TcpWestwoodPlus,10,22,4404,4404,0.185411,0.00735232,0
ns3::TcpWestwoodPlus,10,23,4417,4417,0.185664,0.00717514,0
ns3::TcpWestwoodPlus,10,24,3891,3891,0.162925,0.00709316,0
ns3::TcpWestwoodPlus,10,25,4029,4026,0.171062,0.00666617,0.0744602
ns3::TcpWestwoodPlus,10,26,3902,3902,0.164016,0.00865369,0
ns3::TcpWestwoodPlus,10,27,4317,4317,0.181325,0.0079204,0
ns3::TcpWestwoodPlus,10,28,3749,3740,0.157213,0.00838566,0.240064
ns3::TcpWestwoodPlus,10,29,4085,4085,0.171962,0.00792048,0
ns3::TcpWestwoodPlus,10,30,4117,4117,0.17289,0.00623661,0
ns3::TcpWestwoodPlus,20,1,9542,9473,4.45524,0.0262739,0.723119
ns3::TcpWestwoodPlus,20,2,8463,8461,3.97618,0.0326837,0.0236323
ns3::TcpWestwoodPlus,20,3,9776,9750,4.58555,0.026001,0.265957
ns3::TcpWestwoodPlus,20,4,9827,9705,4.5442,0.0240261,1.24148
ns3::TcpWestwoodPlus,20,5,9348,9330,4.38798,0.0260588,0.192555
ns3::TcpWestwoodPlus,20,6,11228,11217,5.27562,0.0385104,0.0979694
ns3::TcpWestwoodPlus,20,7,9484,9451,4.4449,0.0350556,0.347954
ns3::TcpWestwoodPlus,20,8,7923,7897,3.71228,0.032706,0.328159
ns3::TcpWestwoodPlus,20,9,10505,10469,4.83923,0.0857937,0.342694
ns3::TcpWestwoodPlus,20,10,7036,6955,3.27078,0.0434789,1.15122
ns3::TcpWestwoodPlus,20,11,12182,11924,5.48647,0.0306921,2.11788
ns3::TcpWestwoodPlus,20,12,9198,9076,4.25696,0.0238963,1.32638
ns3::TcpWestwoodPlus,20,13,10307,10222,4.79511,0.0235171,0.824682
ns3::TcpWestwoodPlus,20,14,8288,8252,3.88089,0.0320531,0.434363
ns3::TcpWestwoodPlus,20,15,9975,9972,4.68997,0.023636,0.0300752
ns3::TcpWestwoodPlus,20,16,4981,4981,0.208838,0.00718926,0
ns3::TcpWestwoodPlus,20,17,5976,5943,0.247405,0.00622275,0.552209
ns3::TcpWestwoodPlus,20,18,4666,4666,0.195734,0.00691463,0
ns3::TcpWestwoodPlus,20,19,5240,5219,0.218746,0.00730808,0.400763
ns3::TcpWestwoodPlus,20,20,4950,4928,0.205981,0.00804365,0.444444
ns3::TcpWestwoodPlus,20,21,4777,4777,0.20016,0.00822773,0
ns3::TcpWestwoodPlus,20,22,4805,4805,0.200755,0.00779212,0
ns3::TcpWestwoodPlus,20,23,5709,5709,0.238918,0.00610316,0
ns3::TcpWestwoodPlus,20,24,5374,5352,0.226378,0.00869454,0.409378
ns3::TcpWestwoodPlus,20,25,4817,4817,0.20169,0.00734061,0
ns3::TcpWestwoodPlus,20,26,3522,3522,0.147133,0.0113403,0
ns3::TcpWestwoodPlus,20,27,4202,4202,0.175773,0.0101594,0
ns3::TcpWestwoodPlus,20,28,5066,5036,0.210602,0.00827243,0.592183
ns3::TcpWestwoodPlus,20,29,4398,4381,0.184387,0.00757626,0.386539
ns3::TcpWestwoodPlus,20,30,4112,4112,0.173146,0.00771197,0
ns3::TcpWestwoodPlus,50,1,7129,7077,3.32817,0.0386237,0.729415
ns3::TcpWestwoodPlus,50,2,7642,7592,3.57042,0.0322121,0.654279
ns3::TcpWestwoodPlus,50,3,9386,9320,4.37458,0.0262688,0.703175
ns3::TcpWestwoodPlus,50,4,9190,9135,4.29625,0.0296943,0.598477
ns3::TcpWestwoodPlus,50,5,6579,6502,3.05769,0.0532939,1.17039
ns3::TcpWestwoodPlus,50,6,6073,5983,2.80952,0.0515054,1.48197
ns3::TcpWestwoodPlus,50,7,9818,9750,4.50228,0.0664043,0.692605
ns3::TcpWestwoodPlus,50,8,6214,6139,2.88693,0.0601499,1.20695
ns3::TcpWestwoodPlus,50,9,9018,8966,4.21537,0.031697,0.576625
ns3::TcpWestwoodPlus,50,10,8760,8701,4.08837,0.0277278,0.673516
ns3::TcpWestwoodPlus,50,11,7991,7945,3.73304,0.0358212,0.575648
ns3::TcpWestwoodPlus,50,12,8738,8649,4.06764,0.0501485,1.01854
ns3::TcpWestwoodPlus,50,13,8127,8077,3.79857,0.0319729,0.615233
ns3::TcpWestwoodPlus,50,14,8056,8018,3.76572,0.0318768,0.471698
ns3::TcpWestwoodPlus,50,15,8816,8779,4.12301,0.0336655,0.419691
ns3::TcpWestwoodPlus,50,16,4826,4826,0.203062,0.00673277,0
ns3::TcpWestwoodPlus,50,17,3118,3118,0.131318,0.00806244,0
ns3::TcpWestwoodPlus,50,18,4515,4515,0.190118,0.00753084,0
ns3::TcpWestwoodPlus,50,19,4137,4137,0.174195,0.00778652,0
ns3::TcpWestwoodPlus,50,20,4174,4164,0.175498,0.00711965,0.239578
ns3::TcpWestwoodPlus,50,21,4557,4552,0.191491,0.00709536,0.109721
ns3::TcpWestwoodPlus,50,22,3686,3686,0.155664,0.00592626,0
ns3::TcpWestwoodPlus,50,23,3890,3890,0.163018,0.00804854,0
ns3::TcpWestwoodPlus,50,24,4677,4677,0.195962,0.00757548,0
ns3::TcpWestwoodPlus,50,25,3307,3307,0.138285,0.0071278,0
ns3::TcpWestwoodPlus,50,26,3124,3124,0.130653,0.00714088,0
ns3::TcpWestwoodPlus,50,27,4644,4644,0.195786,0.00761202,0
ns3::TcpWestwoodPlus,50,28,5003,5003,0.209754,0.00697305,0
ns3::TcpWestwoodPlus,50,29,4436,4436,0.186365,0.00527271,0
ns3::TcpWestwoodPlus,50,30,4158,4158,0.174557,0.00794007,0
ns3::TcpWestwoodPlus,100,1,9219,9196,4.31329,0.0377353,0.249485
ns3::TcpWestwoodPlus,100,2,10044,9987,4.69484,0.0340338,0.567503
ns3::TcpWestwoodPlus,100,3,8714,8627,4.05606,0.0503877,0.998393
ns3::TcpWestwoodPlus,100,4,9396,9369,4.40352,0.033058,0.287356
ns3::TcpWestwoodPlus,100,5,5259,5151,2.40841,0.0693563,2.05362
ns3::TcpWestwoodPlus,100,6,6740,6666,3.12663,0.06553,1.09792
ns3::TcpWestwoodPlus,100,7,9133,9082,4.26201,0.0272927,0.558415
ns3::TcpWestwoodPlus,100,8,10744,10646,5.00595,0.0423816,0.912137
ns3::TcpWestwoodPlus,100,9,9132,9091,4.26002,0.02664,0.448971
ns3::TcpWestwoodPlus,100,10,3,0,0,-nan,100
ns3::TcpWestwoodPlus,100,11,9242,9205,4.32854,0.0376581,0.400346
ns3::TcpWestwoodPlus,100,12,8596,8565,3.94711,0.046049,0.360633
ns3::TcpWestwoodPlus,100,13,8652,8617,4.04481,0.0356793,0.404531
ns3::TcpWestwoodPlus,100,14,5627,5565,2.6116,0.0764746,1.10183
ns3::TcpWestwoodPlus,100,15,9965,9871,4.64246,0.0429459,0.943302
ns3::TcpWestwoodPlus,100,16,5156,5156,0.216874,0.00644984,0
ns3::TcpWestwoodPlus,100,17,4437,4437,0.186349,0.00680281,0
ns3::TcpWestwoodPlus,100,18,4874,4874,0.205347,0.0081764,0
ns3::TcpWestwoodPlus,100,19,3462,3462,0.145763,0.00722057,0
ns3::TcpWestwoodPlus,100,20,5446,5446,0.228464,0.00845141,0
ns3::TcpWestwoodPlus,100,21,2904,2894,0.121942,0.0093383,0.344353
ns3::TcpWestwoodPlus,100,22,5035,5035,0.210714,0.00957882,0
ns3::TcpWestwoodPlus,100,23,4767,4767,0.200736,0.00786162,0
ns3::TcpWestwoodPlus,100,24,4769,4769,0.20057,0.0082572,0
ns3::TcpWestwoodPlus,100,25,4705,4705,0.197818,0.0099759,0
ns3::TcpWestwoodPlus,100,26,4477,4477,0.188384,0.00695931,0
ns3::TcpWestwoodPlus,100,27,2705,2705,0.116403,0.00760208,0
ns3::TcpWestwoodPlus,100,28,4713,4713,0.198192,0.00702429,0
ns3::TcpWestwoodPlus,100,29,4410,4395,0.185322,0.00924494,0.340136
ns3::TcpWestwoodPlus,200,1,6857,6571,3.07635,0.0709469,4.17092
ns3::TcpWestwoodPlus,200,2,3,0,0,-nan,100
ns3::TcpWestwoodPlus,200,3,12085,12031,5.53044,0.037827,0.446835
ns3::TcpWestwoodPlus,200,4,9114,9076,4.2685,0.0315661,0.416941
ns3::TcpWestwoodPlus,200,5,10527,10474,4.92168,0.0333525,0.503467
ns3::TcpWestwoodPlus,200,6,9327,9285,4.36579,0.0313377,0.450306
ns3::TcpWestwoodPlus,200,7,9667,9573,4.50228,0.0366641,0.97238
ns3::TcpWestwoodPlus,200,8,9302,9268,4.35645,0.038385,0.365513
ns3::TcpWestwoodPlus,200,9,11507,11405,5.36406,0.0420874,0.886417
ns3::TcpWestwoodPlus,200,10,9230,9200,4.32358,0.0361238,0.325027
ns3::TcpWestwoodPlus,200,11,10074,9992,4.69938,0.0392785,0.813977
ns3::TcpWestwoodPlus,200,12,9178,9156,4.30613,0.0311662,0.239704
ns3::TcpWestwoodPlus,200,13,10560,10512,4.94399,0.0296975,0.454545
ns3::TcpWestwoodPlus,200,14,10163,10092,4.74642,0.0230932,0.698613
ns3::TcpWestwoodPlus,200,15,9404,9315,4.37804,0.0374756,0.946406
ns3::TcpWestwoodPlus,200,16,3417,3413,0.144576,0.00775989,0.117062
ns3::TcpWestwoodPlus,200,17,5405,5405,0.227059,0.00707994,0
ns3::TcpWestwoodPlus,200,18,4827,4827,0.203219,0.00840846,0
ns3::TcpWestwoodPlus,200,19,4787,4787,0.201562,0.00755547,0
ns3::TcpWestwoodPlus,200,20,4802,4802,0.201891,0.00979715,0
ns3::TcpWestwoodPlus,200,21,4747,4741,0.199386,0.0115713,0.126396
ns3::TcpWestwoodPlus,200,22,4805,4805,0.201811,0.00719846,0
ns3::TcpWestwoodPlus,200,23,4637,4637,0.194528,0.00905062,0
ns3::TcpWestwoodPlus,200,24,4835,4835,0.201933,0.00957742,0
ns3::TcpWestwoodPlus,200,25,5734,5734,0.238941,0.00534667,0
ns3::TcpWestwoodPlus,200,26,5028,5021,0.209274,0.00754153,0.13922
ns3::TcpWestwoodPlus,200,27,5331,5331,0.22272,0.00556817,0
ns3::TcpWestwoodPlus,200,28,5111,5111,0.213446,0.00805223,0
ns3::TcpWestwoodPlus,200,29,6144,6137,0.257302,0.00712928,0.113932
ns3::TcpWestwoodPlus,500,1,8707,8680,4.07788,0.0358514,0.310095
ns3::TcpWestwoodPlus,500,2,9476,9423,4.42877,0.0305214,0.559308
ns3::TcpWestwoodPlus,500,3,9855,9825,4.61831,0.034156,0.304414
ns3::TcpWestwoodPlus,500,4,8204,8138,3.82668,0.0335561,0.804486
ns3::TcpWestwoodPlus,500,5,3,0,0,-nan,100
ns3::TcpWestwoodPlus,500,6,10656,10622,4.99499,0.0457781,0.319069
ns3::TcpWestwoodPlus,500,7,9833,9781,4.59878,0.041645,0.528831
ns3::TcpWestwoodPlus,500,8,7511,7410,3.48406,0.0442753,1.34469
ns3::TcpWestwoodPlus,500,9,7858,7766,3.6477,0.0489462,1.17078
ns3::TcpWestwoodPlus,500,10,9847,9844,4.55513,0.0859649,0.0304661
ns3::TcpWestwoodPlus,500,11,9663,9613,4.52097,0.0346811,0.517438
ns3::TcpWestwoodPlus,500,12,8720,8633,4.05892,0.0416418,0.997706
ns3::TcpWestwoodPlus,500,13,8289,8220,3.86583,0.0275169,0.832429
ns3::TcpWestwoodPlus,500,14,9169,9166,4.31083,0.0287983,0.0327189
ns3::TcpWestwoodPlus,500,15,8292,8227,3.86913,0.0286262,0.783888
ns3::TcpWestwoodPlus,500,16,5096,5089,0.21456,0.00825339,0.137363
ns3::TcpWestwoodPlus,500,17,4242,4242,0.179152,0.00652969,0
ns3::TcpWestwoodPlus,500,18,5433,5402,0.226794,0.00748129,0.570587
ns3::TcpWestwoodPlus,500,19,3829,3829,0.160858,0.00814381,0
ns3::TcpWestwoodPlus,500,20,4011,4011,0.168486,0.00726444,0
ns3::TcpWestwoodPlus,500,21,4968,4967,0.209178,0.0073569,0.0201288
ns3::TcpWestwoodPlus,500,22,4257,4257,0.179315,0.00949593,0
ns3::TcpWestwoodPlus,500,23,4246,4246,0.178467,0.00802,0
ns3::TcpWestwoodPlus,500,24,4875,4875,0.205216,0.00710099,0
ns3::TcpWestwoodPlus,500,25,5014,4994,0.209642,0.00690417,0.398883
ns3::TcpWestwoodPlus,500,26,5088,5066,0.213238,0.00671995,0.43239
ns3::TcpWestwoodPlus,500,27,4440,4440,0.186595,0.0071147,0
ns3::TcpWestwoodPlus,500,28,4737,4713,0.198253,0.0087834,0.50665
ns3::TcpWestwoodPlus,500,29,4509,4509,0.189725,0.00716447,0
ns3::TcpNewReno,5,1,9896,9888,4.6429,0.0330709,0.0808407
ns3::TcpNewReno,5,2,9894,9888,4.6442,0.0324175,0.0606428
ns3::TcpNewReno,5,3,8410,8338,3.92134,0.0259535,0.856124
ns3::TcpNewReno,5,4,9886,9827,4.61891,0.0434925,0.596804
ns3::TcpNewReno,5,5,3,0,0,-nan,100
ns3::TcpNewReno,5,6,9903,9893,4.65252,0.0712828,0.10098
ns3::TcpNewReno,5,7,9885,9880,4.64344,0.0610889,0.0505817
ns3::TcpNewReno,5,8,9508,9411,4.42495,0.0910599,1.02019
ns3::TcpNewReno,5,9,8936,8863,4.1683,0.0291763,0.81692
ns3::TcpNewReno,5,10,8752,8663,4.07422,0.0292783,1.01691
ns3::TcpNewReno,5,11,8764,8690,4.08402,0.0330349,0.844363
ns3::TcpNewReno,5,12,9915,9869,4.62528,0.0930653,0.463944
ns3::TcpNewReno,5,13,9192,9136,4.29672,0.0276534,0.609225
ns3::TcpNewReno,5,14,3,0,0,-nan,100
ns3::TcpNewReno,5,15,9890,9882,4.64613,0.0383302,0.0808898
ns3::TcpNewReno,5,16,5187,5172,0.218378,0.00773061,0.289184
ns3::TcpNewReno,5,17,5269,5269,0.224422,0.00791097,0
ns3::TcpNewReno,5,18,5220,5220,0.221066,0.00828367,0
ns3::TcpNewReno,5,19,4943,4943,0.209542,0.00706925,0
ns3::TcpNewReno,5,20,4572,4572,0.194339,0.00700476,0
ns3::TcpNewReno,5,21,5215,5215,0.219949,0.00665984,0
ns3::TcpNewReno,5,22,5260,5260,0.224349,0.00726984,0
ns3::TcpNewReno,5,23,5238,5232,0.220816,0.00764217,0.114548
ns3::TcpNewReno,5,24,5179,5179,0.218246,0.00732781,0
ns3::TcpNewReno,5,25,4577,4577,0.192307,0.00591994,0
ns3::TcpNewReno,5,26,4703,4703,0.197357,0.00604643,0
ns3::TcpNewReno,5,27,4265,4265,0.178637,0.00611387,0
ns3::TcpNewReno,5,28,4405,4405,0.184173,0.00633062,0
ns3::TcpNewReno,10,1,9564,9516,4.47516,0.0601877,0.501882
ns3::TcpNewReno,10,2,11570,11553,5.43347,0.0381435,0.146932
ns3::TcpNewReno,10,3,9629,9565,4.49718,0.0355819,0.664659
ns3::TcpNewReno,10,4,6854,6766,3.18162,0.0779807,1.28392
ns3::TcpNewReno,10,5,8324,8254,3.88183,0.0328593,0.840942
ns3::TcpNewReno,10,6,8564,8536,4.01415,0.0860395,0.32695
ns3::TcpNewReno,10,7,10454,10431,4.90589,0.032253,0.220011
ns3::TcpNewReno,10,8,11412,11363,5.34315,0.0357613,0.429373
ns3::TcpNewReno,10,9,10823,10805,5.08182,0.03326,0.166312
ns3::TcpNewReno,10,10,10079,10009,4.70738,0.0327357,0.694513
ns3::TcpNewReno,10,11,3,0,0,-nan,100
ns3::TcpNewReno,10,12,11263,11196,5.2656,0.03543,0.594868
ns3::TcpNewReno,10,13,10717,10711,5.03512,0.0408455,0.0559858
ns3::TcpNewReno,10,14,9721,9647,4.537,0.0543827,0.761239
ns3::TcpNewReno,10,15,9951,9852,4.63312,0.0553719,0.994875
ns3::TcpNewReno,10,16,5077,5077,0.216531,0.00804463,0
ns3::TcpNewReno,10,17,6116,6100,0.259491,0.00631752,0.261609
ns3::TcpNewReno,10,18,3525,3525,0.148941,0.00731685,0
ns3::TcpNewReno,10,19,4520,4509,0.191661,0.00766622,0.243363
ns3::TcpNewReno,10,20,5452,5434,0.229302,0.00760772,0.330154
ns3::TcpNewReno,10,21,6031,6021,0.256915,0.00869277,0.16581
ns3::TcpNewReno,10,22,5639,5619,0.237222,0.00687202,0.354673
ns3::TcpNewReno,10,23,5234,5234,0.221117,0.00701823,0
ns3::TcpNewReno,10,24,5957,5957,0.254176,0.00830108,0
ns3::TcpNewReno,10,25,5065,5065,0.214694,0.00690693,0
ns3::TcpNewReno,10,26,5184,5184,0.219203,0.00747335,0
ns3::TcpNewReno,10,27,5663,5635,0.237754,0.00599939,0.494438
ns3::TcpNewReno,10,28,5082,5082,0.215254,0.00960468,0
ns3::TcpNewReno,10,29,4236,4236,0.17759,0.00645925,0
ns3::TcpNewReno,20,1,7472,7411,3.48528,0.0312663,0.816381
ns3::TcpNewReno,20,2,11660,11599,5.45174,0.0368367,0.523156
ns3::TcpNewReno,20,3,6262,6220,2.92503,0.036045,0.670712
ns3::TcpNewReno,20,4,10800,10758,5.05956,0.0384224,0.388889
ns3::TcpNewReno,20,5,9857,9807,4.61196,0.0450743,0.507254
ns3::TcpNewReno,20,6,10451,10402,4.89154,0.0330568,0.468855
ns3::TcpNewReno,20,7,3,0,0,-nan,100
ns3::TcpNewReno,20,8,8241,8194,3.85282,0.0496898,0.570319
ns3::TcpNewReno,20,9,7033,7001,3.29242,0.0276145,0.454998
ns3::TcpNewReno,20,10,10622,10561,4.96522,0.03906,0.57428
ns3::TcpNewReno,20,11,7831,7823,3.6764,0.058186,0.102158
ns3::TcpNewReno,20,12,9483,9431,4.43178,0.0335223,0.54835
ns3::TcpNewReno,20,13,8950,8849,4.16145,0.0671512,1.12849
ns3::TcpNewReno,20,14,10153,10143,4.77033,0.0339027,0.0984931
ns3::TcpNewReno,20,15,7723,7582,3.56391,0.147199,1.82572
ns3::TcpNewReno,20,16,6141,6141,0.261491,0.00803942,0
ns3::TcpNewReno,20,17,5710,5702,0.242646,0.00715872,0.140105
ns3::TcpNewReno,20,18,5241,5241,0.223302,0.00905074,0
ns3::TcpNewReno,20,19,5561,5561,0.237453,0.00877224,0
ns3::TcpNewReno,20,20,4415,4415,0.188698,0.00634671,0
ns3::TcpNewReno,20,21,5615,5615,0.239424,0.00781265,0
ns3::TcpNewReno,20,22,4639,4639,0.195827,0.00910139,0
ns3::TcpNewReno,20,23,5431,5411,0.231091,0.00816239,0.368256
ns3::TcpNewReno,20,24,3960,3960,0.166314,0.008754,0
ns3::TcpNewReno,20,25,5043,5043,0.213382,0.00821761,0
ns3::TcpNewReno,20,26,4210,4188,0.17745,0.00771774,0.522565
ns3::TcpNewReno,20,27,3886,3886,0.163952,0.0073305,0
ns3::TcpNewReno,20,28,3209,3209,0.134739,0.00661084,0
ns3::TcpNewReno,20,29,3625,3625,0.152371,0.00692928,0
ns3::TcpNewReno,50,1,13143,13076,6.14937,0.0328533,0.509777
ns3::TcpNewReno,50,2,10671,10582,4.97162,0.0373829,0.834036
ns3::TcpNewReno,50,3,7193,7108,3.34275,0.0480808,1.1817
ns3::TcpNewReno,50,4,13637,13609,6.39243,0.0304154,0.205324
ns3::TcpNewReno,50,5,9939,9878,4.64153,0.0319476,0.613744
ns3::TcpNewReno,50,6,11392,11186,5.26,0.0487155,1.80829
ns3::TcpNewReno,50,7,3,0,0,-nan,100
ns3::TcpNewReno,50,8,10291,10190,4.79252,0.0392849,0.98144
ns3::TcpNewReno,50,9,8527,8452,3.97453,0.0777253,0.879559
ns3::TcpNewReno,50,10,11183,11121,5.22528,0.0345767,0.554413
ns3::TcpNewReno,50,11,8272,8228,3.86885,0.028817,0.531915
ns3::TcpNewReno,50,12,3,0,0,-nan,100
ns3::TcpNewReno,50,13,10827,10755,5.0583,0.0268518,0.665004
ns3::TcpNewReno,50,14,7218,7058,3.27559,0.0814138,2.21668
ns3::TcpNewReno,50,15,9765,9695,4.55923,0.032918,0.716846
ns3::TcpNewReno,50,16,5564,5547,0.234483,0.00787709,0.305536
ns3::TcpNewReno,50,17,5242,5224,0.221418,0.00814552,0.34338
ns3::TcpNewReno,50,18,5807,5807,0.244563,0.0083281,0
ns3::TcpNewReno,50,19,5892,5892,0.249667,0.00731626,0
ns3::TcpNewReno,50,20,3652,3652,0.153494,0.00947876,0
ns3::TcpNewReno,50,21,4482,4462,0.190762,0.0091051,0.446229
ns3::TcpNewReno,50,22,5180,5180,0.220106,0.00825377,0
ns3::TcpNewReno,50,23,3632,3632,0.152093,0.00783898,0
ns3::TcpNewReno,50,24,5172,5172,0.216157,0.00639531,0
ns3::TcpNewReno,50,25,5473,5473,0.228902,0.00850744,0
ns3::TcpNewReno,50,26,7128,7116,0.299578,0.00719788,0.16835
ns3::TcpNewReno,50,27,4445,4445,0.187178,0.00807841,0
ns3::TcpNewReno,50,28,6758,6758,0.283661,0.00830254,0
ns3::TcpNewReno,100,1,8690,8603,4.046,0.0340522,1.00115
ns3::TcpNewReno,100,2,9999,9959,4.68348,0.046623,0.40004
ns3::TcpNewReno,100,3,9120,9070,4.26567,0.0336541,0.548246
ns3::TcpNewReno,100,4,11245,11208,5.27124,0.0364717,0.329035
ns3::TcpNewReno,100,5,10099,10063,4.7327,0.0434439,0.356471
ns3::TcpNewReno,100,6,11127,11030,5.18761,0.0765567,0.871753
ns3::TcpNewReno,100,7,11457,11394,5.35846,0.0381682,0.549882
ns3::TcpNewReno,100,8,10457,10390,4.8866,0.0335029,0.640719
ns3::TcpNewReno,100,9,10904,10857,5.10559,0.0454441,0.431034
ns3::TcpNewReno,100,10,7576,7508,3.53091,0.0338347,0.897571
ns3::TcpNewReno,100,11,12559,12525,5.88987,0.0470772,0.270722
ns3::TcpNewReno,100,12,8883,8825,4.15043,0.0288749,0.652933
ns3::TcpNewReno,100,13,11446,11379,5.35154,0.0583321,0.585357
ns3::TcpNewReno,100,14,3,0,0,-nan,100
ns3::TcpNewReno,100,15,12207,12128,5.70407,0.0369911,0.64717
ns3::TcpNewReno,100,16,5210,5210,0.220272,0.00853192,0
ns3::TcpNewReno,100,17,5941,5931,0.252224,0.00797887,0.168322
ns3::TcpNewReno,100,18,5343,5323,0.226765,0.00875909,0.374322
ns3::TcpNewReno,100,19,5743,5743,0.242797,0.00752525,0
ns3::TcpNewReno,100,20,5979,5979,0.253133,0.00734669,0
ns3::TcpNewReno,100,21,5397,5397,0.227283,0.00789532,0
ns3::TcpNewReno,100,22,5763,5755,0.245146,0.00755064,0.138817
ns3::TcpNewReno,100,23,6604,6595,0.279622,0.00818762,0.136281
ns3::TcpNewReno,100,24,5983,5983,0.251904,0.00625086,0
ns3::TcpNewReno,100,25,6398,6398,0.272406,0.00745315,0
ns3::TcpNewReno,100,26,4693,4693,0.197523,0.0059861,0
ns3::TcpNewReno,100,27,3875,3868,0.162653,0.00921061,0.180645
ns3::TcpNewReno,100,28,4529,4529,0.189888,0.00618961,0
ns3::TcpNewReno,100,29,4384,4384,0.183414,0.00624607,0
ns3::TcpNewReno,200,1,7487,7391,3.47558,0.0326332,1.28222
ns3::TcpNewReno,200,2,7844,7696,3.61915,0.0479255,1.88679
ns3::TcpNewReno,200,3,11294,11240,5.28644,0.0292183,0.47813
ns3::TcpNewReno,200,4,11402,11322,5.32501,0.0323199,0.701631
ns3::TcpNewReno,200,5,8709,8550,4.02022,0.0452219,1.8257
ns3::TcpNewReno,200,6,7423,7310,3.43767,0.0582827,1.5223
ns3::TcpNewReno,200,7,13021,12961,5.99656,0.0547697,0.460794
ns3::TcpNewReno,200,8,11966,11907,5.59868,0.0349958,0.493064
ns3::TcpNewReno,200,9,10565,10468,4.92329,0.0438989,0.918126
ns3::TcpNewReno,200,10,11656,11589,5.45061,0.0337368,0.574811
ns3::TcpNewReno,200,11,11747,11717,5.51057,0.040242,0.255384
ns3::TcpNewReno,200,12,3,0,0,-nan,100
ns3::TcpNewReno,200,13,7358,7268,3.41762,0.0345367,1.22316
ns3::TcpNewReno,200,14,11788,11727,5.51553,0.0317013,0.517475
ns3::TcpNewReno,200,15,8160,8036,3.77928,0.0438167,1.51961
ns3::TcpNewReno,200,16,4020,4020,0.173501,0.0096234,0
ns3::TcpNewReno,200,17,4545,4545,0.19447,0.00761944,0
ns3::TcpNewReno,200,18,4082,4067,0.174541,0.0078911,0.367467
ns3::TcpNewReno,200,19,3915,3912,0.167837,0.00661002,0.0766284
ns3::TcpNewReno,200,20,6306,6301,0.270003,0.00871664,0.0792896
ns3::TcpNewReno,200,21,5476,5472,0.232285,0.0122732,0.073046
ns3::TcpNewReno,200,22,6179,6155,0.262355,0.00918389,0.388412
ns3::TcpNewReno,200,23,3923,3923,0.168928,0.00701894,0
ns3::TcpNewReno,200,24,4256,4256,0.181834,0.0100865,0
ns3::TcpNewReno,200,25,5809,5809,0.244045,0.00647964,0
ns3::TcpNewReno,200,26,5965,5965,0.25031,0.00910491,0
ns3::TcpNewReno,200,27,5828,5828,0.24456,0.00673424,0
ns3::TcpNewReno,200,28,6026,6021,0.252531,0.00836216,0.0829738
ns3::TcpNewReno,200,29,6760,6760,0.284192,0.00964176,0
ns3::TcpNewReno,500,1,7980,7909,3.71535,0.0346472,0.889724
ns3::TcpNewReno,500,2,10592,10400,4.88539,0.0332949,1.81269
ns3::TcpNewReno,500,3,14535,14471,6.8063,0.0307681,0.440316
ns3::TcpNewReno,500,4,3,0,0,-nan,100
ns3::TcpNewReno,500,5,10870,10766,5.06347,0.0362005,0.956762
ns3::TcpNewReno,500,6,14406,14341,6.74515,0.0237903,0.451201
ns3::TcpNewReno,500,7,9683,9519,4.47201,0.0368569,1.69369
ns3::TcpNewReno,500,8,13973,13964,6.56781,0.02355,0.0644099
ns3::TcpNewReno,500,9,11213,11153,5.24552,0.0287931,0.535093
ns3::TcpNewReno,500,10,9642,9595,4.50756,0.0256032,0.487451
ns3::TcpNewReno,500,11,10581,10478,4.928,0.0348921,0.973443
ns3::TcpNewReno,500,12,9504,9374,4.40633,0.0387516,1.36785
ns3::TcpNewReno,500,13,13407,13367,6.28698,0.0291545,0.298352
ns3::TcpNewReno,500,14,8849,8677,4.07846,0.0410188,1.94372
ns3::TcpNewReno,500,15,3,0,0,-nan,100
ns3::TcpNewReno,500,16,4243,4234,0.179216,0.00591724,0.212114
ns3::TcpNewReno,500,17,5389,5389,0.226675,0.00707189,0
ns3::TcpNewReno,500,18,4973,4973,0.209024,0.00628606,0
ns3::TcpNewReno,500,19,5123,5107,0.216915,0.00733958,0.312317
ns3::TcpNewReno,500,20,4922,4922,0.207747,0.007109,0
ns3::TcpNewReno,500,21,4541,4541,0.191526,0.00593036,0
ns3::TcpNewReno,500,22,5464,5464,0.228438,0.00737061,0
ns3::TcpNewReno,500,23,7148,7129,0.298944,0.00672933,0.265809
ns3::TcpNewReno,500,24,5309,5309,0.221939,0.00883169,0
ns3::TcpNewReno,500,25,6827,6813,0.285478,0.00573207,0.205068
ns3::TcpNewReno,500,26,5705,5705,0.239014,0.00705668,0
ns3::TcpNewReno,500,27,7264,7257,0.303078,0.00661463,0.0963656
ns3::TcpNewReno,500,28,7337,7337,0.306502,0.00547385,0
ns3::TcpVegas,5,1,6538,6514,3.06333,0.00950529,0.367085
ns3::TcpVegas,5,2,8280,8271,3.88982,0.0221333,0.108696
ns3::TcpVegas,5,3,4621,4615,2.17004,0.00907683,0.129842
ns3::TcpVegas,5,4,9785,9785,4.60136,0.0456647,0
ns3::TcpVegas,5,5,5609,5495,2.58399,0.0220822,2.03245
ns3::TcpVegas,5,6,4703,4694,2.20678,0.0184991,0.191367
ns3::TcpVegas,5,7,9821,9817,4.61556,0.0377066,0.040729
ns3::TcpVegas,5,8,3,0,0,-nan,100
ns3::TcpVegas,5,9,7819,7721,3.6311,0.0145817,1.25336
ns3::TcpVegas,5,10,5011,4971,2.3375,0.0132961,0.798244
ns3::TcpVegas,5,11,6244,6236,2.93256,0.0236127,0.128123
ns3::TcpVegas,5,12,6367,6360,2.99089,0.0523071,0.109942
ns3::TcpVegas,5,13,3212,3208,1.5072,0.0208797,0.124533
ns3::TcpVegas,5,14,9958,9953,4.67911,0.0506392,0.0502109
ns3::TcpVegas,5,15,9521,9513,4.47364,0.034648,0.0840248
ns3::TcpVegas,5,16,3258,3258,0.135536,0.00529038,0
ns3::TcpVegas,5,17,2309,2306,0.0959328,0.00577302,0.129926
ns3::TcpVegas,5,18,2748,2746,0.114237,0.00573284,0.0727802
ns3::TcpVegas,5,19,3861,3861,0.160621,0.00622271,0
ns3::TcpVegas,5,20,2486,2482,0.103254,0.00569007,0.160901
ns3::TcpVegas,5,21,4292,4292,0.180534,0.00754514,0
ns3::TcpVegas,5,22,4894,4894,0.203594,0.00759078,0
ns3::TcpVegas,5,23,3163,3163,0.132141,0.00660643,0
ns3::TcpVegas,5,24,5168,5168,0.218339,0.00755091,0
ns3::TcpVegas,5,25,3226,3226,0.134794,0.00757751,0
ns3::TcpVegas,5,26,1843,1840,0.079584,0.00569109,0.162778
ns3::TcpVegas,5,27,2438,2438,0.102579,0.00653892,0
ns3::TcpVegas,5,28,5351,5351,0.22815,0.00792774,0
ns3::TcpVegas,5,29,4877,4877,0.204413,0.00703334,0
ns3::TcpVegas,10,1,3,0,0,-nan,100
ns3::TcpVegas,10,2,5433,5370,2.52519,0.0143044,1.15958
ns3::TcpVegas,10,3,5476,5436,2.55624,0.0143013,0.73046
ns3::TcpVegas,10,4,5551,5486,2.57976,0.0152143,1.17096
ns3::TcpVegas,10,5,5596,5586,2.62637,0.0150754,0.178699
ns3::TcpVegas,10,6,11935,11929,5.61055,0.0364647,0.0502723
ns3::TcpVegas,10,7,6335,6324,2.97396,0.00454383,0.173639
ns3::TcpVegas,10,8,9813,9733,4.57628,0.0728242,0.815245
ns3::TcpVegas,10,9,6134,6128,2.88133,0.0330193,0.0978155
ns3::TcpVegas,10,10,7627,7617,3.58176,0.0412329,0.131113
ns3::TcpVegas,10,11,9027,8916,4.18895,0.0136085,1.22964
ns3::TcpVegas,10,12,4854,4760,2.23825,0.0196902,1.93655
ns3::TcpVegas,10,13,7775,7765,3.65138,0.0288768,0.128617
ns3::TcpVegas,10,14,7215,7202,3.38697,0.0049957,0.18018
ns3::TcpVegas,10,15,4892,4879,2.29423,0.00908081,0.26574
ns3::TcpVegas,10,16,3163,3163,0.131584,0.00595944,0
ns3::TcpVegas,10,17,4459,4459,0.185498,0.00494203,0
ns3::TcpVegas,10,18,3602,3602,0.149846,0.00532642,0
ns3::TcpVegas,10,19,2441,2441,0.101549,0.00501068,0
ns3::TcpVegas,10,20,2737,2737,0.114093,0.00608696,0
ns3::TcpVegas,10,21,2744,2744,0.114154,0.00635648,0
ns3::TcpVegas,10,22,2686,2686,0.111741,0.00821033,0
ns3::TcpVegas,10,23,5965,5965,0.248147,0.0087894,0
ns3::TcpVegas,10,24,2430,2427,0.101594,0.00791648,0.123457
ns3::TcpVegas,10,25,5225,5225,0.221936,0.00730161,0
ns3::TcpVegas,10,26,2952,2952,0.124826,0.0069939,0
ns3::TcpVegas,10,27,3126,3126,0.130835,0.00640509,0
ns3::TcpVegas,10,28,4009,4009,0.169328,0.00693895,0
ns3::TcpVegas,10,29,4075,4075,0.171971,0.00938587,0
ns3::TcpVegas,20,1,4765,4745,2.23119,0.0113518,0.419727
ns3::TcpVegas,20,2,5260,5243,2.46503,0.0250262,0.323194
ns3::TcpVegas,20,3,4452,4444,2.0896,0.0243903,0.179695
ns3::TcpVegas,20,4,7778,7765,3.6518,0.0274245,0.167138
ns3::TcpVegas,20,5,5736,5629,2.64675,0.0252785,1.86541
ns3::TcpVegas,20,6,5509,5492,2.58216,0.0259708,0.308586
ns3::TcpVegas,20,7,5786,5775,2.71571,0.042157,0.190114
ns3::TcpVegas,20,8,4740,4671,2.19638,0.0229465,1.4557
ns3::TcpVegas,20,9,11024,11014,5.17931,0.0516985,0.0907112
ns3::TcpVegas,20,10,3924,3856,1.81301,0.0250971,1.73293
ns3::TcpVegas,20,11,4262,4255,2.0007,0.0114679,0.164242
ns3::TcpVegas,20,12,6218,6155,2.89446,0.0160496,1.01319
ns3::TcpVegas,20,13,4506,4492,2.11218,0.012183,0.310697
ns3::TcpVegas,20,14,4875,4699,2.2089,0.180108,3.61026
ns3::TcpVegas,20,15,10185,10178,4.78674,0.0437,0.0687285
ns3::TcpVegas,20,16,2960,2960,0.125597,0.00610645,0
ns3::TcpVegas,20,17,2373,2373,0.09872,0.00696516,0
ns3::TcpVegas,20,18,2426,2426,0.102045,0.00524082,0
ns3::TcpVegas,20,19,1948,1948,0.0812896,0.00554744,0
ns3::TcpVegas,20,20,2129,2124,0.0883616,0.00638974,0.234852
ns3::TcpVegas,20,21,2247,2247,0.0934784,0.00539622,0
ns3::TcpVegas,20,22,3172,3172,0.133142,0.00595394,0
ns3::TcpVegas,20,23,2283,2283,0.095744,0.00559352,0
ns3::TcpVegas,20,24,4165,4165,0.177523,0.00626572,0
ns3::TcpVegas,20,25,2661,2661,0.114931,0.00850282,0
ns3::TcpVegas,20,26,3078,3078,0.130704,0.0055665,0
ns3::TcpVegas,20,27,5158,5158,0.215395,0.00786794,0
ns3::TcpVegas,20,28,5827,5827,0.247968,0.00699132,0
ns3::TcpVegas,20,29,2863,2863,0.124464,0.00537981,0
ns3::TcpVegas,20,30,2977,2977,0.12888,0.00579932,0
ns3::TcpVegas,50,1,5672,5664,2.66349,0.0208998,0.141044
ns3::TcpVegas,50,2,7549,7541,3.54643,0.0229253,0.105974
ns3::TcpVegas,50,3,6476,6448,3.03228,0.0925332,0.432366
ns3::TcpVegas,50,4,4463,4457,2.09572,0.0181242,0.134439
ns3::TcpVegas,50,5,3472,3468,1.63049,0.0168533,0.115207
ns3::TcpVegas,50,6,6849,6840,3.21626,0.0115841,0.131406
ns3::TcpVegas,50,7,5352,5345,2.51343,0.0316089,0.130792
ns3::TcpVegas,50,8,4972,4966,2.33515,0.0285708,0.120676
ns3::TcpVegas,50,9,5956,5952,2.79897,0.0286414,0.0671592
ns3::TcpVegas,50,10,6652,6648,3.12636,0.0247887,0.0601323
ns3::TcpVegas,50,11,5167,5162,2.42735,0.0214334,0.096768
ns3::TcpVegas,50,12,7099,7093,3.33569,0.0312636,0.0845189
ns3::TcpVegas,50,13,5941,5936,2.79144,0.0171649,0.0841609
ns3::TcpVegas,50,14,4474,4469,2.10136,0.0191505,0.111757
ns3::TcpVegas,50,15,4792,4786,2.25005,0.0479984,0.125209
ns3::TcpVegas,50,16,3224,3224,0.134122,0.00652787,0
ns3::TcpVegas,50,17,2229,2229,0.0927296,0.00483092,0
ns3::TcpVegas,50,18,1734,1734,0.0721376,0.00568324,0
ns3::TcpVegas,50,19,2673,2673,0.1112,0.0066065,0
ns3::TcpVegas,50,20,2483,2483,0.103296,0.00621937,0
ns3::TcpVegas,50,21,2976,2976,0.123805,0.00644893,0
ns3::TcpVegas,50,22,3324,3324,0.138282,0.00827836,0
ns3::TcpVegas,50,23,2581,2581,0.107373,0.00632274,0
ns3::TcpVegas,50,24,3547,3547,0.147558,0.00700791,0
ns3::TcpVegas,50,25,2235,2235,0.0929792,0.005518,0
ns3::TcpVegas,50,26,2912,2912,0.122166,0.0057256,0
ns3::TcpVegas,50,27,3912,3912,0.164541,0.00594394,0
ns3::TcpVegas,50,28,3005,3005,0.125485,0.00625144,0
ns3::TcpVegas,50,29,2394,2394,0.0995968,0.00616122,0
ns3::TcpVegas,50,30,3421,3421,0.14232,0.00656232,0
ns3::TcpVegas,100,1,5884,5797,2.72605,0.0216422,1.47859
ns3::TcpVegas,100,2,5517,5457,2.56612,0.0232502,1.08755
ns3::TcpVegas,100,3,4897,4883,2.29578,0.014226,0.285889
ns3::TcpVegas,100,4,6174,6160,2.89681,0.0185042,0.226757
ns3::TcpVegas,100,5,7781,7718,3.62969,0.0236689,0.809665
ns3::TcpVegas,100,6,5951,5937,2.79191,0.0210724,0.235255
ns3::TcpVegas,100,7,5659,5624,2.64468,0.014729,0.618484
ns3::TcpVegas,100,8,6063,5986,2.81496,0.0161565,1.27
ns3::TcpVegas,100,9,5631,5621,2.64326,0.0154422,0.177588
ns3::TcpVegas,100,10,5357,5316,2.49979,0.0162808,0.765354
ns3::TcpVegas,100,11,5671,5657,2.6602,0.0227302,0.24687
ns3::TcpVegas,100,12,6109,6059,2.8493,0.0388633,0.818465
ns3::TcpVegas,100,13,6294,6235,2.93209,0.0165924,0.937401
ns3::TcpVegas,100,14,5299,5287,2.48615,0.0188339,0.226458
ns3::TcpVegas,100,15,5561,5548,2.60892,0.0130378,0.233771
ns3::TcpVegas,100,16,2946,2943,0.123014,0.00609626,0.101833
ns3::TcpVegas,100,17,2729,2729,0.11353,0.0045359,0
ns3::TcpVegas,100,18,3897,3897,0.162579,0.00631901,0
ns3::TcpVegas,100,19,2813,2813,0.117024,0.00422565,0
ns3::TcpVegas,100,20,2994,2994,0.124554,0.00559556,0
ns3::TcpVegas,100,21,2659,2656,0.110493,0.00469053,0.112824
ns3::TcpVegas,100,22,3079,3079,0.128723,0.00648738,0
ns3::TcpVegas,100,23,3118,3115,0.129587,0.00547751,0.0962155
ns3::TcpVegas,100,24,2778,2778,0.121142,0.00395701,0
ns3::TcpVegas,100,25,3280,3280,0.139587,0.00375207,0
ns3::TcpVegas,100,26,3171,3171,0.135155,0.00397978,0
ns3::TcpVegas,100,27,2959,2959,0.125427,0.00649512,0
ns3::TcpVegas,100,28,3031,3031,0.129229,0.00424415,0
ns3::TcpVegas,100,29,2790,2790,0.118243,0.00475233,0
ns3::TcpVegas,100,30,2943,2943,0.124832,0.0051037,0
ns3::TcpVegas,200,1,15819,15554,7.04227,0.0122062,1.6752
ns3::TcpVegas,200,2,10288,10274,4.83152,0.0286752,0.136081
ns3::TcpVegas,200,3,2945,2943,1.38353,0.00615143,0.0679117
ns3::TcpVegas,200,4,7099,7092,3.3348,0.0286456,0.0986054
ns3::TcpVegas,200,5,2462,2443,1.14833,0.0130772,0.77173
ns3::TcpVegas,200,6,11244,11229,5.28074,0.0286077,0.133404
ns3::TcpVegas,200,7,8416,8396,3.94862,0.00289268,0.237643
ns3::TcpVegas,200,8,3,0,0,-nan,100
ns3::TcpVegas,200,9,7265,7260,3.41425,0.0426743,0.0688231
ns3::TcpVegas,200,10,5183,5174,2.433,0.0247612,0.173645
ns3::TcpVegas,200,11,5329,5324,2.50356,0.0246395,0.0938262
ns3::TcpVegas,200,12,11552,11536,5.42463,0.0298245,0.138504
ns3::TcpVegas,200,13,12863,12819,6.02815,0.0526405,0.342066
ns3::TcpVegas,200,14,1313,1306,0.613488,0.00273744,0.53313
ns3::TcpVegas,200,15,9588,9581,4.50562,0.0476509,0.0730079
ns3::TcpVegas,200,16,7778,7778,0.323568,0.00414754,0
ns3::TcpVegas,200,17,4199,4199,0.174682,0.00479978,0
ns3::TcpVegas,200,18,5501,5501,0.23417,0.00870318,0
ns3::TcpVegas,200,19,1231,1231,0.0513216,0.00902208,0
ns3::TcpVegas,200,20,6034,6034,0.257866,0.00883024,0
ns3::TcpVegas,200,21,2664,2664,0.111798,0.00794133,0
ns3::TcpVegas,200,22,2662,2662,0.110742,0.00772408,0
ns3::TcpVegas,200,23,6276,6276,0.267786,0.00776785,0
ns3::TcpVegas,200,24,6737,6737,0.28377,0.00706213,0
ns3::TcpVegas,200,25,4792,4792,0.199354,0.00814518,0
ns3::TcpVegas,200,26,3707,3707,0.156291,0.00796823,0
ns3::TcpVegas,200,27,3630,3630,0.151011,0.00623887,0
ns3::TcpVegas,200,28,1472,1459,0.0606976,0.00488478,0.883152
ns3::TcpVegas,200,29,653,653,0.027168,0.00600737,0
ns3::TcpVegas,500,1,6962,6951,3.26847,0.0162414,0.158001
ns3::TcpVegas,500,2,5550,5550,2.60987,0.0175497,0
ns3::TcpVegas,500,3,4016,4009,1.88498,0.0112814,0.174303
ns3::TcpVegas,500,4,4524,4524,2.12724,0.0157485,0
ns3::TcpVegas,500,5,6667,6667,3.1353,0.0337836,0
ns3::TcpVegas,500,6,2024,2022,0.950294,0.00165945,0.0988142
ns3::TcpVegas,500,7,7204,7198,3.38508,0.0287897,0.0832871
ns3::TcpVegas,500,8,9532,9517,4.47594,0.0390132,0.157365
ns3::TcpVegas,500,9,6089,6080,2.85918,0.0350098,0.147808
ns3::TcpVegas,500,10,6730,6723,3.16164,0.0309813,0.104012
ns3::TcpVegas,500,11,6354,6350,2.98619,0.0404615,0.0629525
ns3::TcpVegas,500,12,5122,5110,2.40289,0.013647,0.234283
ns3::TcpVegas,500,13,11185,11134,5.23509,0.0426469,0.455968
ns3::TcpVegas,500,14,4779,4779,2.24719,0.0347536,0
ns3::TcpVegas,500,15,3967,3959,1.86146,0.0121606,0.201664
ns3::TcpVegas,500,16,2776,2773,0.11536,0.00556388,0.108069
ns3::TcpVegas,500,17,2262,2260,0.0940192,0.00608124,0.0884173
ns3::TcpVegas,500,18,3334,3332,0.138614,0.00547613,0.059988
ns3::TcpVegas,500,19,3600,3600,0.149763,0.00541099,0
ns3::TcpVegas,500,20,4857,4854,0.203178,0.00892065,0.0617665
ns3::TcpVegas,500,21,3362,3362,0.139862,0.00641491,0
ns3::TcpVegas,500,22,3067,3067,0.127923,0.00703569,0
ns3::TcpVegas,500,23,5958,5955,0.252544,0.0079634,0.0503525
ns3::TcpVegas,500,24,3175,3175,0.132083,0.00546981,0
ns3::TcpVegas,500,25,2390,2387,0.0993024,0.00561849,0.125523
ns3::TcpVegas,500,26,2023,2023,0.0843968,0.00419667,0
ns3::TcpVegas,500,27,2733,2732,0.115907,0.0042385,0.0365898
ns3::TcpVegas,500,28,2069,2068,0.0871584,0.00423711,0.0483325
ns3::TcpVegas,500,29,3756,3756,0.159866,0.00549324,0
ns3::TcpVegas,500,30,1011,1008,0.041936,0.00224404,0.296736
ns3::TcpCubic,5,1,9838,9830,4.62253,0.0518541,0.0813173
ns3::TcpCubic,5,2,10170,10160,4.77517,0.140584,0.0983284
ns3::TcpCubic,5,3,9841,9824,4.61971,0.0334299,0.172747
ns3::TcpCubic,5,4,9924,9905,4.65781,0.0503939,0.191455
ns3::TcpCubic,5,5,9789,9785,4.60136,0.0395017,0.0408622
ns3::TcpCubic,5,6,9834,9822,4.61877,0.0402957,0.122026
ns3::TcpCubic,5,7,3,0,0,-nan,100
ns3::TcpCubic,5,8,9974,9948,4.67533,0.0379936,0.260678
ns3::TcpCubic,5,9,9972,9952,4.67655,0.0417864,0.200562
ns3::TcpCubic,5,10,9839,9823,4.61924,0.0388993,0.162618
ns3::TcpCubic,5,11,10035,10011,4.70712,0.0402539,0.239163
ns3::TcpCubic,5,12,9792,9785,4.60136,0.0326509,0.0714869
ns3::TcpCubic,5,13,9838,9826,4.61994,0.0264063,0.121976
ns3::TcpCubic,5,14,9837,9822,4.61877,0.037512,0.152486
ns3::TcpCubic,5,15,3,0,0,-nan,100
ns3::TcpCubic,5,16,5234,5234,0.223101,0.00862599,0
ns3::TcpCubic,5,17,5703,5703,0.246419,0.00847172,0
ns3::TcpCubic,5,18,5366,5366,0.231331,0.00822887,0
ns3::TcpCubic,5,19,5479,5479,0.239949,0.00820974,0
ns3::TcpCubic,5,20,5285,5285,0.226406,0.00725016,0
ns3::TcpCubic,5,21,5603,5603,0.248403,0.00880707,0
ns3::TcpCubic,5,22,5583,5583,0.244621,0.00990869,0
ns3::TcpCubic,5,23,5359,5359,0.230912,0.00735469,0
ns3::TcpCubic,5,24,5567,5567,0.244115,0.00642676,0
ns3::TcpCubic,5,25,5092,5092,0.21448,0.00778462,0
ns3::TcpCubic,5,26,5343,5343,0.22976,0.00729014,0
ns3::TcpCubic,5,27,5019,5019,0.210381,0.00584011,0
ns3::TcpCubic,5,28,5245,5245,0.224166,0.00633926,0
ns3::TcpCubic,10,1,12377,12278,5.77035,0.0732009,0.799871
ns3::TcpCubic,10,2,11862,11780,5.53969,0.0855014,0.691283
ns3::TcpCubic,10,3,8332,8247,3.87736,0.0317421,1.02016
ns3::TcpCubic,10,4,11073,10973,5.15725,0.0548367,0.903098
ns3::TcpCubic,10,5,9327,9264,4.35693,0.0286492,0.675458
ns3::TcpCubic,10,6,7641,7569,3.5596,0.032047,0.942285
ns3::TcpCubic,10,7,12243,12174,5.7258,0.0369776,0.563587
ns3::TcpCubic,10,8,12731,12664,5.95019,0.0572905,0.526274
ns3::TcpCubic,10,9,3,0,0,-nan,100
ns3::TcpCubic,10,10,13557,13484,6.33582,0.0377798,0.538467
ns3::TcpCubic,10,11,8851,8793,4.13537,0.0289846,0.655293
ns3::TcpCubic,10,12,7842,7765,3.65101,0.0297125,0.981892
ns3::TcpCubic,10,13,11661,11579,5.44591,0.0395115,0.703199
ns3::TcpCubic,10,14,12888,12834,6.03626,0.0331344,0.418994
ns3::TcpCubic,10,15,3,0,0,-nan,100
ns3::TcpCubic,10,16,6700,6700,0.287626,0.00739488,0
ns3::TcpCubic,10,17,6003,6003,0.256538,0.00780867,0
ns3::TcpCubic,10,18,6380,6380,0.271933,0.00723771,0
ns3::TcpCubic,10,19,6315,6315,0.265606,0.00764442,0
ns3::TcpCubic,10,20,6913,6913,0.295206,0.0075445,0
ns3::TcpCubic,10,21,7391,7391,0.31609,0.00710198,0
ns3::TcpCubic,10,22,5982,5982,0.251293,0.00728872,0
ns3::TcpCubic,10,23,6676,6676,0.281002,0.00871732,0
ns3::TcpCubic,10,24,4559,4559,0.196621,0.00620347,0
ns3::TcpCubic,10,25,4184,4184,0.178128,0.00637331,0
ns3::TcpCubic,10,26,4018,4018,0.171357,0.00861885,0
ns3::TcpCubic,10,27,4910,4910,0.208752,0.00612659,0
ns3::TcpCubic,10,28,4688,4688,0.199632,0.00606207,0
ns3::TcpCubic,20,1,10689,10574,4.95817,0.0245973,1.07587
ns3::TcpCubic,20,2,10350,10124,4.64835,0.0686567,2.18357
ns3::TcpCubic,20,3,12651,12569,5.9116,0.0282577,0.64817
ns3::TcpCubic,20,4,15122,15066,7.08577,0.0250923,0.370321
ns3::TcpCubic,20,5,11272,11229,5.28127,0.0299254,0.381476
ns3::TcpCubic,20,6,3,0,0,-nan,100
ns3::TcpCubic,20,7,11414,11323,5.32487,0.0369444,0.797267
ns3::TcpCubic,20,8,11131,11032,5.18854,0.0257954,0.889408
ns3::TcpCubic,20,9,13478,13427,6.31478,0.0244752,0.378394
ns3::TcpCubic,20,10,3,0,0,-nan,100
ns3::TcpCubic,20,11,13882,13824,6.50196,0.0261032,0.417807
ns3::TcpCubic,20,12,17124,17049,8.0189,0.0339472,0.437982
ns3::TcpCubic,20,13,11285,11016,5.18098,0.0524238,2.3837
ns3::TcpCubic,20,14,3,0,0,-nan,100
ns3::TcpCubic,20,15,12786,12603,5.927,0.0497298,1.43125
ns3::TcpCubic,20,16,6140,6140,0.266122,0.0075444,0
ns3::TcpCubic,20,17,5238,5227,0.21968,0.00587354,0.210004
ns3::TcpCubic,20,18,6012,6012,0.256451,0.00662985,0
ns3::TcpCubic,20,19,5828,5822,0.246205,0.00707292,0.102951
ns3::TcpCubic,20,20,6810,6810,0.290576,0.00782065,0
ns3::TcpCubic,20,21,6544,6544,0.275805,0.00790909,0
ns3::TcpCubic,20,22,5919,5912,0.25009,0.00830462,0.118263
ns3::TcpCubic,20,23,5951,5951,0.252064,0.00574723,0
ns3::TcpCubic,20,24,7230,7230,0.305027,0.00696493,0
ns3::TcpCubic,20,25,7762,7762,0.325811,0.00653767,0
ns3::TcpCubic,20,26,6909,6900,0.289517,0.00894196,0.130265
ns3::TcpCubic,20,27,8953,8953,0.377811,0.00750791,0
ns3::TcpCubic,50,1,10462,10194,4.79411,0.0936896,2.56165
ns3::TcpCubic,50,2,10776,10669,5.01784,0.0359646,0.992947
ns3::TcpCubic,50,3,10533,10484,4.93082,0.0259418,0.465205
ns3::TcpCubic,50,4,11180,11067,5.20506,0.0336765,1.01073
ns3::TcpCubic,50,5,1233,1215,0.570029,0.0674902,1.45985
ns3::TcpCubic,50,6,11790,11682,5.49436,0.0343034,0.916031
ns3::TcpCubic,50,7,3,0,0,-nan,100
ns3::TcpCubic,50,8,8581,8382,3.94169,0.0869209,2.31908
ns3::TcpCubic,50,9,11281,11238,5.2855,0.0300446,0.381172
ns3::TcpCubic,50,10,11383,11346,5.3363,0.0250202,0.325046
ns3::TcpCubic,50,11,10742,10677,5.02161,0.0306553,0.605101
ns3::TcpCubic,50,12,12370,12245,5.75881,0.0331079,1.01051
ns3::TcpCubic,50,13,9217,9150,4.30288,0.0305712,0.726918
ns3::TcpCubic,50,14,9655,9600,4.51499,0.0326548,0.569653
ns3::TcpCubic,50,15,13271,13142,6.18114,0.0393021,0.972044
ns3::TcpCubic,50,16,5303,5303,0.223744,0.00692552,0
ns3::TcpCubic,50,17,5652,5652,0.239267,0.00838983,0
ns3::TcpCubic,50,18,5801,5801,0.244717,0.00800072,0
ns3::TcpCubic,50,19,6158,6158,0.26031,0.00675426,0
ns3::TcpCubic,50,20,4632,4632,0.19743,0.00694619,0
ns3::TcpCubic,50,21,6428,6428,0.271274,0.0075966,0
ns3::TcpCubic,50,22,6858,6852,0.288688,0.00738419,0.0874891
ns3::TcpCubic,50,23,5715,5711,0.245094,0.00701678,0.0699913
ns3::TcpCubic,50,24,6060,6049,0.258957,0.00524192,0.181518
ns3::TcpCubic,50,25,5781,5781,0.24743,0.00548513,0
ns3::TcpCubic,50,26,5209,5198,0.223382,0.00597099,0.211173
ns3::TcpCubic,50,27,4815,4815,0.20344,0.00687682,0
ns3::TcpCubic,50,28,6030,6021,0.256256,0.00669334,0.149254
ns3::TcpCubic,50,29,1104,1104,0.0560032,0.00742365,0
ns3::TcpCubic,100,1,11738,11724,5.51412,0.0394755,0.119271
ns3::TcpCubic,100,2,11850,11829,5.55891,0.0596698,0.177215
ns3::TcpCubic,100,3,11236,11161,5.24466,0.0513252,0.667497
ns3::TcpCubic,100,4,11032,10952,5.15097,0.0395018,0.725163
ns3::TcpCubic,100,5,12572,12559,5.9069,0.0352366,0.103404
ns3::TcpCubic,100,6,11796,11770,5.53575,0.0557782,0.220414
ns3::TcpCubic,100,7,8372,8296,3.90158,0.0327852,0.907788
ns3::TcpCubic,100,8,9714,9689,4.55685,0.0375905,0.257361
ns3::TcpCubic,100,9,8159,8124,3.82056,0.0433172,0.428974
ns3::TcpCubic,100,10,10161,10136,4.76712,0.0358337,0.246039
ns3::TcpCubic,100,11,13014,12989,6.10917,0.0349455,0.192101
ns3::TcpCubic,100,12,12166,12078,5.68064,0.0357654,0.723327
ns3::TcpCubic,100,13,3,0,0,-nan,100
ns3::TcpCubic,100,14,12193,12129,5.69828,0.0564627,0.524891
ns3::TcpCubic,100,15,8492,8431,3.96476,0.0422445,0.718323
ns3::TcpCubic,100,16,6106,6084,0.256278,0.00787756,0.360301
ns3::TcpCubic,100,17,6136,6136,0.263216,0.00840855,0
ns3::TcpCubic,100,18,5661,5661,0.237856,0.0101639,0
ns3::TcpCubic,100,19,6466,6443,0.276154,0.0108652,0.355707
ns3::TcpCubic,100,20,6553,6532,0.275318,0.00760603,0.320464
ns3::TcpCubic,100,21,6064,6041,0.253574,0.00660212,0.379288
ns3::TcpCubic,100,22,6718,6692,0.281213,0.00684296,0.38702
ns3::TcpCubic,100,23,6254,6254,0.262941,0.00740622,0
ns3::TcpCubic,100,24,6633,6633,0.282106,0.00821985,0
ns3::TcpCubic,100,25,5049,5024,0.211741,0.00596997,0.495148
ns3::TcpCubic,100,26,5269,5241,0.220742,0.00770687,0.53141
ns3::TcpCubic,100,27,4559,4559,0.196429,0.00794363,0
ns3::TcpCubic,100,28,4434,4411,0.190144,0.00918129,0.518719
ns3::TcpCubic,100,29,4496,4496,0.19217,0.0072837,0
ns3::TcpCubic,200,1,14163,14088,6.62601,0.0305273,0.529549
ns3::TcpCubic,200,2,6830,6720,3.15945,0.035086,1.61054
ns3::TcpCubic,200,3,3,0,0,-nan,100
ns3::TcpCubic,200,4,11584,11361,5.334,0.0854042,1.92507
ns3::TcpCubic,200,5,7888,7834,3.68375,0.0298409,0.684584
ns3::TcpCubic,200,6,8895,8809,4.14239,0.030181,0.966835
ns3::TcpCubic,200,7,10567,10544,4.95872,0.0188344,0.217659
ns3::TcpCubic,200,8,8221,8178,3.84608,0.0253515,0.523051
ns3::TcpCubic,200,9,7529,7441,3.49939,0.0276985,1.16881
ns3::TcpCubic,200,10,10068,9921,4.66556,0.0530059,1.46007
ns3::TcpCubic,200,11,3,0,0,-nan,100
ns3::TcpCubic,200,12,14268,14143,6.65173,0.0354309,0.876086
ns3::TcpCubic,200,13,8709,8466,3.98123,0.0696997,2.79022
ns3::TcpCubic,200,14,8546,8478,3.98712,0.0242451,0.795694
ns3::TcpCubic,200,15,13057,12952,6.09134,0.0454846,0.804166
ns3::TcpCubic,200,16,7396,7368,0.310582,0.00781326,0.378583
ns3::TcpCubic,200,17,6123,6123,0.259552,0.00715821,0
ns3::TcpCubic,200,18,5183,5183,0.218202,0.00646334,0
ns3::TcpCubic,200,19,7446,7446,0.314058,0.00574961,0
ns3::TcpCubic,200,20,4604,4604,0.199715,0.013454,0
ns3::TcpCubic,200,21,6858,6858,0.28968,0.00639199,0
ns3::TcpCubic,200,22,3731,3731,0.166112,0.00642632,0
ns3::TcpCubic,200,23,4353,4332,0.191728,0.0077643,0.482426
ns3::TcpCubic,200,24,4871,4871,0.21449,0.00509859,0
ns3::TcpCubic,200,25,4652,4652,0.20031,0.00613177,0
ns3::TcpCubic,200,26,4048,4048,0.175466,0.00590818,0
ns3::TcpCubic,200,27,4313,4291,0.181466,0.0061617,0.510086
ns3::TcpCubic,200,28,5586,5563,0.236026,0.00597964,0.411744
ns3::TcpCubic,500,1,11022,10873,5.1138,0.0395108,1.35184
ns3::TcpCubic,500,2,7146,7056,3.31769,0.0375122,1.25945
ns3::TcpCubic,500,3,9120,9018,4.24079,0.0467973,1.11842
ns3::TcpCubic,500,4,11426,11212,5.23098,0.0766614,1.87292
ns3::TcpCubic,500,5,8672,8599,4.04412,0.0331435,0.84179
ns3::TcpCubic,500,6,12786,12716,5.98033,0.0265497,0.547474
ns3::TcpCubic,500,7,10749,10633,4.99585,0.0357898,1.07917
ns3::TcpCubic,500,8,10065,9990,4.69844,0.0340908,0.745156
ns3::TcpCubic,500,9,10858,10774,5.06345,0.0455694,0.773623
ns3::TcpCubic,500,10,3,0,0,-nan,100
ns3::TcpCubic,500,11,11615,11510,5.40656,0.0536194,0.904003
ns3::TcpCubic,500,12,11109,11042,5.19314,0.0366486,0.603115
ns3::TcpCubic,500,13,11273,11207,5.27092,0.0288866,0.58547
ns3::TcpCubic,500,14,11888,11823,5.56026,0.027379,0.54677
ns3::TcpCubic,500,15,12015,11941,5.61619,0.0363345,0.615897
ns3::TcpCubic,500,16,5606,5606,0.23537,0.00702241,0
ns3::TcpCubic,500,17,5863,5863,0.248454,0.0083295,0
ns3::TcpCubic,500,18,5911,5911,0.254618,0.00844789,0
ns3::TcpCubic,500,19,5959,5959,0.255386,0.0076348,0
ns3::TcpCubic,500,20,6295,6295,0.268467,0.00768097,0
ns3::TcpCubic,500,21,5902,5902,0.25087,0.00841539,0
ns3::TcpCubic,500,22,5830,5809,0.244602,0.00847036,0.360206
ns3::TcpCubic,500,23,6180,6180,0.259766,0.00759461,0
ns3::TcpCubic,500,24,3884,3884,0.166838,0.006367,0
ns3::TcpCubic,500,25,4644,4644,0.19848,0.00738978,0
ns3::TcpCubic,500,26,5349,5349,0.227949,0.00627261,0
ns3::TcpCubic,500,27,6561,6561,0.27553,0.00573072,0
ns3::TcpCubic,500,28,6114,6114,0.256922,0.00777469,0
ns3::TcpCubic,500,29,4590,4590,0.191974,0.00560302,0
